Time,Text
10/4/2023,I recently purchased this pet bed for my dog and he absolutely loves it. The bed is soft comfortable and easy to clean. It's also really durable and has held up well after multiple washes. I highly recommend this product to any pet owner!
6/4/2023,I have to say I was a bit skeptical about this pet toy at first but it's quickly become my dog's favorite toy. It's really well-made and durable and it keeps my dog entertained for hours on end. I would definitely recommend this product to anyone looking for a fun and engaging pet toy.
2/4/2023,I'm really impressed with this pet food. It's made with high-quality ingredients and my cat absolutely loves it. It's also really affordable compared to other premium pet foods on the market. I would definitely recommend this product to any pet owner looking for a nutritious and delicious food for their pet.
1/4/2023,I'm really happy with this pet carrier. It's spacious comfortable and easy to carry around. It's also really well-made and durable so I know it will last for a long time. I would definitely recommend this product to anyone looking for a high-quality pet carrier.
4/2/2023,I love this pet leash! It's really well-made and durable and the reflective material makes it easy to see in low light conditions. It's also really comfortable to hold and doesn't rub against my skin like some other leashes do. I would definitely recommend this product to any pet owner.
5/2/2023,I wouldn't recommend this pet food bowl to anyone. It's made of cheap plastic and it's really flimsy. It also doesn't hold very much food so I have to refill it constantly. I would recommend investing in a higher-quality bowl instead.
6/2/2023,I was really disappointed with this pet food. It had a weird smell and my dog wouldn't eat it. I ended up having to throw it away and buy a different brand. I wouldn't recommend this product to anyone.
7/2/2023,This pet toy looked really cute but it was a total waste of money. It fell apart after just a few minutes of play and my dog could have easily swallowed some of the pieces. I would not recommend this product to any pet owner.
8/2/2023,I was really excited to try out this pet grooming tool but it was a huge disappointment. It didn't do a good job of removing loose fur from my dog's coat and it was really uncomfortable to use. I wouldn't recommend this product to anyone.
10/2/2023,This pet carrier was a nightmare to use. It was really hard to set up and my cat hated being inside it. The straps were also really uncomfortable to wear and the carrier felt really flimsy. I would not recommend this product to any pet owner.